# PREEMPT-Mem tracked-file SHA-256 baseline, generated 2026-09-02
# Excludes this baseline and the repository content audit to avoid a mutual hash cycle.
path	bytes	sha256
.aris/audits/experiment/PREEMPT-Mem_3A-R_EXPERIMENT_AUDIT_2026-09-01_run02.json	4785	3814ce1944fc3d2e17228e49a06a01fd0f98b5b9b5df575dc1c0b4320cdaff5e
.aris/audits/experiment/PREEMPT-Mem_3A-R_EXPERIMENT_AUDIT_2026-09-01_run02.md	4876	bd7494215ca552891bc042bd5f84906f013c386c75f244bbcb72ef13f101e8ce
.gitattributes	343	fc99fd46c505b36bb1dde665012e81ebc70b3964a71900c9b16a49bb562e5c31
.github/ISSUE_TEMPLATE/bug_report.md	590	93201aa302518ff31c5c96e88f9b4a2db81a89506fceddb0f41f7151e06755f1
.github/ISSUE_TEMPLATE/config.yml	46	8b09e7df09fc7534371988062769ee427af2954a02c04c763e8a8005be0f2be4
.github/ISSUE_TEMPLATE/experiment_proposal.md	523	fb9df6d53ac55aad15da1f39ada2e222590e39e282a84486d2fd7e917abc1142
.github/PULL_REQUEST_TEMPLATE.md	993	a622b70d89973a4d6960fce60aa81e670295d730504e02143b12e510df237586
.gitignore	1062	6f7181ffdbd53f720e916a595341408620663f961592b7a78d6a341ebbd4b5ec
CONTRIBUTING.md	1640	6a8339aed5b209fd3d12daa99d5b340a56bf909a54b814363d6c8fb9db18e021
docs/COLLABORATION_AND_FREEZE_POLICY.md	2491	7204eb7e918da5951c08a11d8a2a58a639616442e37394c37de53ec81324b549
docs/ENVIRONMENT.md	2175	72153cff434edc4f6c81f7f4d2deba042f3e28bb98c202c11738aeb3df7c8bcf
docs/EXTERNAL_ASSET_INDEX.md	3164	d1dd6fb17f673ff54a316e83b9e3079d1d7a1c043322f8314fc0358489bb422f
ICLR2027-PREEMPT-Mem_新项目续研指令_v1.1.md	8672	1bb80a39fe5a926e001983448a8784743dc7963024091571f5f2d73473491f24
ICLR2027-PREEMPT-Mem_新项目续研指令_v1.2.md	12756	ceea3c6f07b0077f0243f7c9518507d1da139b358906cde675784dc7c29f6347
ICLR2027-PREEMPT-Mem_独立复核审查指令.md	11413	6692abf1a3daf7e8918baa96ffe30526e08624fb4badd944e9eba2d6af98b064
PREEMPT-Mem_ICLR论文结构与内容规划.md	17686	040cd3c1550818fb960080fba6837d757c2158f2670907c2b58ac1b4c0c5d8e8
PREEMPT-Mem_ICLR论文结构化报告_优化收敛版_2026-09-02.md	29975	57d4b8a0d7d81e5056f1051de939d6d958c649a782620b21c173e4ae69078d2c
PREEMPT-Mem_前期七项问题回答情况审计报告.md	30317	6760a4cd42a32de15dc3d08bf5d40586fab8196b06167e06a11579bebe9a1bca
PREEMPT-Mem_已完成内容独立复核报告.md	60160	0e48bd034e363784a0f7af7a15f5d9ca8721fddb3f7fc35f945edbf69acff5ed
PREEMPT-Mem_第一步_文献调查与概念梳理.md	36820	517fc984751de57d0133ee974b690d4af9593c05ab19554bce9a5d513f234ec1
PREEMPT-Mem_第三步A项目启动与交接说明_2026-09-01.md	12984	dbc606f1b759dac7c5b12490ebb48ce67ad019a3055576525fa2369873a734a7
PREEMPT-Mem_第二步_数据源码与现象验证审计.md	53657	cdeef88ef0282128b063200340f74f5f712237f73a5f5af1d3f1f60956ad4003
PREEMPT-Mem_第二步交叉复核与第三步A准入意见.md	22079	ffaba6f88d1eb26f7382930a8eea80b1d60646dc4e12d4917d7e4af60161c3f1
PREEMPT-Mem_论文预期报告_论文介绍与贡献.md	22163	85cabab102bdeace43c482e77285cedc87bd2f3b1c022bb63cacba45245b2cd4
preempt可行性报告_v1.1.md	13018	1563e3dcec382bc9493f538135689d667e1a888241717e4c15d536714dc36a48
README.md	4258	8da07c1deea4796d705ec3ffb231cbeba661f017c1d061952b07d540ca15e580
research/candidate_inputs/PREEMPT-Mem_论文内容与候选统一设计报告取舍说明_2026-09-01 (1).md	27185	c8a17c83b9957549d8ffc32865ef043321f0270919a134f2d294918124c57bec
research/candidate_inputs/STATUS.md	911	95971d25f710d67431bb4d54bef9c468b316a9a409de7c2a60c8950313572db3
research/PREEMPT-Mem_第三步A_AppWorld结构与三分支Smoke审计.md	13522	1bce060ae041d4b6d15a1a2541805bf07e04c963e0f3ec0794311cc89f067827
research/PREEMPT-Mem_第三步A_协议冻结与泄漏Manifest.md	11430	036bed73239535bf09ec590081cb353c76a1db0e4bb0aaded7be32c5385f8fa6
research/PREEMPT-Mem_第三步A_协议冻结与泄漏Manifest_v2_精确Prompt修订.md	1632	6753ed99165d76d17b7ae0fb66fc3a404e4c8e1224c871ab8ac1e1220e0d8918
research/PREEMPT-Mem_第三步A_协议冻结与泄漏Manifest_v3_审计修订.md	5438	a76dabae8ffb5a237a44bf3e48a571f5debc5917e9dae2244adb926ff7b24947
research/PREEMPT-Mem_第三步A_复现实证补充_2026-09-01.md	8337	8e6ab69c142bf5c4519e8df5aa12492d3260d6328f09105519d6fb3a0ac0576b
research/PREEMPT-Mem_第三步A_独立复核报告_2026-09-01.md	18321	70b10c5e689b2c6532d3dcadf57c1e429ef5dfde65c3b6ede81a7b17bd57c05c
research/PREEMPT-Mem_第三步A_隔离修复与重跑报告_2026-09-01.md	20767	c1142a8f0d7a6a61820c23e5a39a27cd40fb3cf8c92f840307fdb067373fc600
research/PREEMPT-Mem_第二步_数据源码与现象验证审计.md	53657	cdeef88ef0282128b063200340f74f5f712237f73a5f5af1d3f1f60956ad4003
research/PREEMPT-Mem_第二步交叉复核与第三步A准入意见.md	22079	ffaba6f88d1eb26f7382930a8eea80b1d60646dc4e12d4917d7e4af60161c3f1
research/PREEMPT-Mem_第二步结论修订附录.md	14294	95629d35e050f20bd8cda63a51a6edfff5daf3ac741d889b4d7f6f88a16cd091
review/PREEMPT-Mem_已完成内容独立复核报告.md	60160	0e48bd034e363784a0f7af7a15f5d9ca8721fddb3f7fc35f945edbf69acff5ed
review/PREEMPT-Mem_第三步A_run005独立实验审计.md	14323	1b2b51efdb771514dcbaf942210182a25ecc9b52f4a9d1ef0c07b37e2eee0129
review/PREEMPT-Mem_第三步A_独立实验审计.md	9656	1293fdfe896c27f7bdaeb987c1ff5570856d445e0653e7a1d3cc48922d11766c
scripts/repository_inventory.py	16029	814bf942f6934b95f5350e06d49095e8c1906e96d7b29924054c66f0fa79369f
third_step_a/artifacts/execution_freeze_dev_isolated_gate_20260901_01.json	4975	27cd9ebbb81a24396cd5af43502e003fb4e156c6fcb3f07dd5da3450b36d12a3
third_step_a/artifacts/execution_freeze_dev_isolated_gate_20260901_02.json	4975	9ab2765937ddd4e4ddfc2af235632d7fa1fcbf5a3b8204c0053a268ae8d5c1c6
third_step_a/artifacts/execution_freeze_dev_isolated_gate_20260901_03.json	4975	68ed2aa976cd2314f519969c0a375cb961320fbeb9b44f4c2e0b8f514c03de65
third_step_a/artifacts/execution_freeze_dev_isolated_gate_20260901_04.json	4975	f9dbd3cb0db00d6e337e6d72f58e0f9e3f035b4a23df449a0c62d5a000a366eb
third_step_a/artifacts/execution_freeze_dev_isolated_gate_20260901_05.json	4975	fbda71cd1598432d55056a3ed1c4b896bdc4ed7bd793d21ac3e5564c598cc82d
third_step_a/artifacts/execution_freeze_dev_isolated_gate_20260901_06.json	4975	f34dda2c7174b92ee33f78fe73e937f3362b767cb43da4d522775b8dc899d555
third_step_a/artifacts/execution_freeze_dev_isolated_gate_20260901_07.json	4975	8f362b81121199ccd52bc3e0c1e473dbd9f1b3d79fb8bed29cbbffd07ab0c889
third_step_a/artifacts/execution_freeze_dev_isolated_gate_20260901_08.json	4975	d5d39a2e5ab812785439c7c9f66a8d6e589ff8db7f414d586737f3435ab2133b
third_step_a/artifacts/execution_freeze_dev_isolated_gate_20260901_09.json	4975	23de1aaf280984d1f5d44ba105aceae40a412f440c8c625d98845522b380dd3b
third_step_a/artifacts/execution_freeze_run_003_sha256.json	1810	740ff08adaa86713e75777fac9b620a88c77f5d8f82c7b075c03e5fac9e3608c
third_step_a/artifacts/execution_freeze_run_004_sha256.json	1927	c8438b799892281ae588f41dc5a19a024a0095c0992fe745ad35bc85f50c3857
third_step_a/artifacts/execution_freeze_run_005_sha256.json	3458	15d9caaf5c3c0e91424c114da3939fb9010c4910b8bd0d142d7fdd379310a4c0
third_step_a/artifacts/execution_freeze_run_isolated_001.json	4936	649f86faea21c1c3c8c1fd6d4398be44cf408c96124ea99abcab4514d05e4fed
third_step_a/artifacts/execution_freeze_run_reproduction_001_sha256.json	3542	7c4e7ed2996cbace47ef1ac9625531368cf1bb695704ee8d63f62ee57e5f5efa
third_step_a/artifacts/memory_store_probe.json	16506	b7c3a169e97e735326792f98573e74db074acbdd116c9da963edca37f0786374
third_step_a/artifacts/memory_store_probe_20260901.json	16506	b7c3a169e97e735326792f98573e74db074acbdd116c9da963edca37f0786374
third_step_a/artifacts/memory_store_probe_pre_fix.json	4425	4a5db2cfa7e81f9cb5d41cc9b999aa2e84a411402923e795c61ea0d2bde015aa
third_step_a/artifacts/memory_store_probe_pre_negative_probe_fix.json	4317	4edaedb41b25f5907b3880b4bb21ec70c90c6d81b9bc0f5c2db44f488e1c61fe
third_step_a/artifacts/precommit_dev_isolated_gate_20260901_01.json	5287	ec83e388282d1b90ad3e6320ae6d5df6ed55933390e529c3de58188259e78ba8
third_step_a/artifacts/precommit_dev_isolated_gate_20260901_02.json	5287	70867b127f97e62eaf190c8b9ed4f38b8c81341c3789224b147ba861efbd48b4
third_step_a/artifacts/precommit_dev_isolated_gate_20260901_03.json	5287	bc17b39c5fc8dec8b2783ec170760d60b0c5d2160f42238b34f5b1a3116f1d3a
third_step_a/artifacts/precommit_dev_isolated_gate_20260901_04.json	5287	2cd78db3911befbcb375725ae80ffda3da6c549930ed5b6d43839891f2161de3
third_step_a/artifacts/precommit_dev_isolated_gate_20260901_05.json	5287	916b617a62e42e8cac0cc4f9aa2248655c05d876dc3d06c7918439dca661f105
third_step_a/artifacts/precommit_dev_isolated_gate_20260901_06.json	5287	4d703164b5040e3ee95e05aa09406885b11bfdb6592a4784656a152dba5e318f
third_step_a/artifacts/precommit_dev_isolated_gate_20260901_07.json	5293	101f064986b47e5dda2d3db31aca182548c07bf711917c0107f0cc2473e0faad
third_step_a/artifacts/precommit_dev_isolated_gate_20260901_08.json	5293	baed9688c8eb0f56c0840b5410bad3ed213bab807b438c567366af199e301bc9
third_step_a/artifacts/precommit_dev_isolated_gate_20260901_09.json	5293	1c74c833384d899fc652bf06b7ae43cd22be9aa61a1c9be425587d5ae6193365
third_step_a/artifacts/precommit_run_isolated_001.json	5092	3a62639acf5e47c93249b6c799d6a17fed5be1376c810cfb5a8103d5e5e66e62
third_step_a/artifacts/protocol_freeze_sha256.json	1425	7f2931b52c53aa00e7cd0a3be3858d75a4ec93d2241d617cc3d6152a6254c27b
third_step_a/artifacts/smoke/run_isolated_001/aggregate_gate.json	119303	a5fc2c7b005cb76f8ccf953612a5a0ef29d1acc4a59edaf4e3f5b3bd0ae5f6c2
third_step_a/artifacts/smoke/run_isolated_001/artifact_manifest.json	90037	4988163e6774d1794e8cb4e1cbfecb0053879987ddb7fec97ff9598002f5deb7
third_step_a/artifacts/smoke/run_isolated_001/cases/constraint_permission/case_agent_exit_barrier.json	253	cd467cde15d39797bb66d3da0cb8f81aeca414a9e17f88de1f3c9539b41bcb7d
third_step_a/artifacts/smoke/run_isolated_001/cases/constraint_permission/case_summary.json	776	4625c5815aa8f2ce2b04fee16b6219c083507a1375feb5f9b13e746f76345795
third_step_a/artifacts/smoke/run_isolated_001/cases/constraint_permission/checkpoint_manifest.json	10056	8380ddcdcb206a04247c2d382a01a2dfae364ba6777b2b8bda30651204be1846
third_step_a/artifacts/smoke/run_isolated_001/cases/constraint_permission/evicted/agent_initialize.json	380	20913287eebf4ffd60a2a18bfa52102b971cc4e495c8a8c0701df2c7a1bde2c0
third_step_a/artifacts/smoke/run_isolated_001/cases/constraint_permission/evicted/agent_process_attestation.json	5186	3bb41446bbb6afac60002c97c72a836bfbd275322130066e60054e768e93e480
third_step_a/artifacts/smoke/run_isolated_001/cases/constraint_permission/evicted/api_log_redaction_attestation.json	723	b637fbf9ab3fb5d6fb527070c9e00e70cb586dd95953bc747f5d22cec8117806
third_step_a/artifacts/smoke/run_isolated_001/cases/constraint_permission/evicted/branch_result.json	2791	5fadeb87d522caa6495d33fb44d66886d28b71282b454e8edbbb4be5fd9deff3
third_step_a/artifacts/smoke/run_isolated_001/cases/constraint_permission/evicted/capability_process_attestation.json	1564	e96a062df8e09d2e9fd5d7f558cdf120078feeedc9539730f413e1c4fdcdba22
third_step_a/artifacts/smoke/run_isolated_001/cases/constraint_permission/evicted/db_freeze_attestation.json	839	bfbf3aa0c5b39844e347d5a3e446021f271d7a5d3ca32994053e86e33351a548
third_step_a/artifacts/smoke/run_isolated_001/cases/constraint_permission/evicted/effective_eviction_manifest.json	26974	0615acb568a9fa5849a7811c4c41b438fa636e91e41c1993aa0d680bf910c411
third_step_a/artifacts/smoke/run_isolated_001/cases/constraint_permission/evicted/evaluator_first.json	4337	eb52c623dd046f7676cd2f6fc948c43aa6fe59dfee05fc7547e88f9d861de225
third_step_a/artifacts/smoke/run_isolated_001/cases/constraint_permission/evicted/evaluator_first_worker.json	10538	491620eef5ac91090fcbc39d8c5168832fe82f8d2a21ce811237ec8bac821d59
third_step_a/artifacts/smoke/run_isolated_001/cases/constraint_permission/evicted/evaluator_process_attestation.json	16543	1165fa33f49e4d0c031c56e093123f99b83e5dbf2ed847f367b1cdb20a9ebefd
third_step_a/artifacts/smoke/run_isolated_001/cases/constraint_permission/evicted/evaluator_second.json	4337	019dce28e1d9650e25d96cec6ec99d2c8cf00ad676217a44b82819065928e6bb
third_step_a/artifacts/smoke/run_isolated_001/cases/constraint_permission/evicted/evaluator_second_worker.json	10538	560ae6f2d0d70a3449739467d87e0c6cdd1267b383fb23b9166f08b8b8cce7de
third_step_a/artifacts/smoke/run_isolated_001/cases/constraint_permission/evicted/post_agent_controller_canaries.json	285	9077c6ff0836418a8b3b547c51699072ffcb2fe4db17c2959dad4ebdeceb32c4
third_step_a/artifacts/smoke/run_isolated_001/cases/constraint_permission/firewall_leakage_manifest.json	40287	7748f6803a4004c4bd54911720181ecfb78b365308fe28daf793638e0913ba70
third_step_a/artifacts/smoke/run_isolated_001/cases/constraint_permission/full/agent_initialize.json	1188	8de5d15c0381b4b7b63a7496ad2013cf3fd9b886d79ad16de7a4211f9e519035
third_step_a/artifacts/smoke/run_isolated_001/cases/constraint_permission/full/agent_process_attestation.json	5189	a5e7ff817b82add79c781f35c1eb287b588c6da13f3181f328d7570a79b22003
third_step_a/artifacts/smoke/run_isolated_001/cases/constraint_permission/full/api_log_redaction_attestation.json	731	427a4f48327fae44fe7d815ceb6a252685a4ceb51bb9cdaf8f3137dd96bfcd0f
third_step_a/artifacts/smoke/run_isolated_001/cases/constraint_permission/full/branch_result.json	2566	a1b5e324eccf42bb10db4ab35a9c90e40325bd1bbcc1507e80d88093250e8aa4
third_step_a/artifacts/smoke/run_isolated_001/cases/constraint_permission/full/capability_process_attestation.json	1564	23d85368de4c4a87a228b2667340b9b00e6e838445e809b28ed1c8bde70c29d1
third_step_a/artifacts/smoke/run_isolated_001/cases/constraint_permission/full/db_freeze_attestation.json	839	76143ac39a9f44fc59c25584665c6b7c4d282ad3066ac8826712e7fdd9b24cec
third_step_a/artifacts/smoke/run_isolated_001/cases/constraint_permission/full/evaluator_first.json	1682	7363c8601b5e446513444b3ae0fbea1778af672da639d5632e4184845f4ccf0b
third_step_a/artifacts/smoke/run_isolated_001/cases/constraint_permission/full/evaluator_first_worker.json	7870	b6d947171146bdce1db770a13ba99f719b99b53833e2431621c27f6295716b95
third_step_a/artifacts/smoke/run_isolated_001/cases/constraint_permission/full/evaluator_process_attestation.json	16546	d8d5875d0a0c1392e7f8655aa3ee11422e8ccbe8ffda7ce848fffd5c7b74ca88
third_step_a/artifacts/smoke/run_isolated_001/cases/constraint_permission/full/evaluator_second.json	1682	7363c8601b5e446513444b3ae0fbea1778af672da639d5632e4184845f4ccf0b
third_step_a/artifacts/smoke/run_isolated_001/cases/constraint_permission/full/evaluator_second_worker.json	7870	05c1cd14cf6f939d7508daa3c7969cbcdf0b1e33550a262fce4cd78c0bdecfb7
third_step_a/artifacts/smoke/run_isolated_001/cases/constraint_permission/full/post_agent_controller_canaries.json	285	efb2964ba4301f368a39b08173ab7259dcd1a24e1b8976ab64cfe696594ae37d
third_step_a/artifacts/smoke/run_isolated_001/cases/constraint_permission/memory_provenance.json	439	160966cb2037322f24b251c96f500e5e1580d1d9b293d79f825ca3cb7044e692
third_step_a/artifacts/smoke/run_isolated_001/cases/constraint_permission/raw_controller_firewall_scan.json	14806	d6a36ba22b13cb2b4776ffb381e29ee10396e913ce82a2ae271b377baa642f67
third_step_a/artifacts/smoke/run_isolated_001/cases/constraint_permission/restore/agent_initialize.json	1188	8de5d15c0381b4b7b63a7496ad2013cf3fd9b886d79ad16de7a4211f9e519035
third_step_a/artifacts/smoke/run_isolated_001/cases/constraint_permission/restore/agent_process_attestation.json	5190	e458312ada6ee77051ccf31bfd085bf30b2256e6c0d0df42faac70875c326f46
third_step_a/artifacts/smoke/run_isolated_001/cases/constraint_permission/restore/api_log_redaction_attestation.json	731	427a4f48327fae44fe7d815ceb6a252685a4ceb51bb9cdaf8f3137dd96bfcd0f
third_step_a/artifacts/smoke/run_isolated_001/cases/constraint_permission/restore/branch_result.json	2958	297779cf31065df5f6465ced66f7e56407dc674300008e107e6297978db0d10c
third_step_a/artifacts/smoke/run_isolated_001/cases/constraint_permission/restore/capability_process_attestation.json	1564	4865b949fa3bcc0eca08046e8f2e2b385afaf585026fbe03f86898ae663f0433
third_step_a/artifacts/smoke/run_isolated_001/cases/constraint_permission/restore/db_freeze_attestation.json	840	0a7f1be0ec02f05a0aedef1ccd879188b19fa11ce10b1b3cd33c1b45e7cbda87
third_step_a/artifacts/smoke/run_isolated_001/cases/constraint_permission/restore/effective_eviction_manifest.json	26974	0615acb568a9fa5849a7811c4c41b438fa636e91e41c1993aa0d680bf910c411
third_step_a/artifacts/smoke/run_isolated_001/cases/constraint_permission/restore/evaluator_first.json	1682	7363c8601b5e446513444b3ae0fbea1778af672da639d5632e4184845f4ccf0b
third_step_a/artifacts/smoke/run_isolated_001/cases/constraint_permission/restore/evaluator_first_worker.json	7873	a91fc0e12b648778950fc566f219d145d7528fa7f1ead6f147fea9c39d648c0a
third_step_a/artifacts/smoke/run_isolated_001/cases/constraint_permission/restore/evaluator_process_attestation.json	16559	53b24edf8d74b5a773a5860bbb42317e637c2c66b76f9ec026d133d9a9526af6
third_step_a/artifacts/smoke/run_isolated_001/cases/constraint_permission/restore/evaluator_second.json	1682	7363c8601b5e446513444b3ae0fbea1778af672da639d5632e4184845f4ccf0b
third_step_a/artifacts/smoke/run_isolated_001/cases/constraint_permission/restore/evaluator_second_worker.json	7873	f1c622cddb778c52f9a3f41cb88e120ab048d0a88cc9994624ad4cfd57033f71
third_step_a/artifacts/smoke/run_isolated_001/cases/constraint_permission/restore/post_agent_controller_canaries.json	285	498f8d6f7b6a336a757e5f84e3fab6bb8f34442b7ff05271e833e9f840a5395d
third_step_a/artifacts/smoke/run_isolated_001/cases/constraint_permission/source_episode.json	2755	822bd5d67aee1ed267a46fb063384441759e2a93a463ddfaa16452baf3fee881
third_step_a/artifacts/smoke/run_isolated_001/cases/constraint_permission/target_relationship.json	1573	f1a086adb63e1bfe253531c0864b06a4db835eb82072f4cac7129cd7c2beb17f
third_step_a/artifacts/smoke/run_isolated_001/cases/constraint_permission/witness.json	907	b7020c34b42eea13e57cbfb1e899ad9a9bd540955fb7d779dc5aba2bad7c0c84
third_step_a/artifacts/smoke/run_isolated_001/cases/gotcha/case_agent_exit_barrier.json	255	7cabdbde307bb11e8e166002bf27afeea63cadd2a9e3ef36c5da22c222b9b87b
third_step_a/artifacts/smoke/run_isolated_001/cases/gotcha/case_summary.json	761	a584c30c65030b76148dfd92133ff48cf95d02d18a7413d441aa5ac429bae24d
third_step_a/artifacts/smoke/run_isolated_001/cases/gotcha/checkpoint_manifest.json	10045	57f82539b0f679acd69df6d261996b9d20981094ffec04ab04186d0047e48eb5
third_step_a/artifacts/smoke/run_isolated_001/cases/gotcha/evicted/agent_initialize.json	340	8648580b1f496dfd0678e9a5675368c0970750f515f98dabc4d0431ab179099e
third_step_a/artifacts/smoke/run_isolated_001/cases/gotcha/evicted/agent_process_attestation.json	5187	23a01927145a684de2a11a9a3e7331c073177b33127ea34d68ec470f741e72f8
third_step_a/artifacts/smoke/run_isolated_001/cases/gotcha/evicted/api_log_redaction_attestation.json	723	b637fbf9ab3fb5d6fb527070c9e00e70cb586dd95953bc747f5d22cec8117806
third_step_a/artifacts/smoke/run_isolated_001/cases/gotcha/evicted/branch_result.json	2753	2daea452192f79ad0c6283654037729cf4b73107bef28ad58249dc97027d8c87
third_step_a/artifacts/smoke/run_isolated_001/cases/gotcha/evicted/capability_process_attestation.json	1564	bc78f759f561634e1d0a432e1a2d5f05e714792a0811cc4a2333a06a7323a2a7
third_step_a/artifacts/smoke/run_isolated_001/cases/gotcha/evicted/db_freeze_attestation.json	840	ab1f9dd4053354b27a682586dcae8f46b0243eb5d64445eebfc6c50cb357cb06
third_step_a/artifacts/smoke/run_isolated_001/cases/gotcha/evicted/effective_eviction_manifest.json	26182	d4f7597b16aee74e806c76489c11d439268ae6d44d3b127fb5eee9d9b95fd4a3
third_step_a/artifacts/smoke/run_isolated_001/cases/gotcha/evicted/evaluator_first.json	2426	2279e7bb424792009cbc43be9f53e2af4c65cfc50a7d355748398abbd5791f7a
third_step_a/artifacts/smoke/run_isolated_001/cases/gotcha/evicted/evaluator_first_worker.json	8564	4f98ef85dfa3292fe8f4fbe98fe95012146e7f4827dfbb1131eb1e1d6c647b77
third_step_a/artifacts/smoke/run_isolated_001/cases/gotcha/evicted/evaluator_process_attestation.json	16487	a7f7a99f9e7287b0b730d2d611737d294fcf2efb5870e3ee249b1b5bcb5d882b
third_step_a/artifacts/smoke/run_isolated_001/cases/gotcha/evicted/evaluator_second.json	2426	2279e7bb424792009cbc43be9f53e2af4c65cfc50a7d355748398abbd5791f7a
third_step_a/artifacts/smoke/run_isolated_001/cases/gotcha/evicted/evaluator_second_worker.json	8564	7d71250557c4d4408cc6ab6af00669fffa1a751030d85473c8e3ef644403aaa5
third_step_a/artifacts/smoke/run_isolated_001/cases/gotcha/evicted/post_agent_controller_canaries.json	285	0d1ea0e06e0adb3f7a3e334871fb4d93cc870934df1a9837ee76ed45f0a0f328
third_step_a/artifacts/smoke/run_isolated_001/cases/gotcha/firewall_leakage_manifest.json	39024	28fa88c8dc64a41737dcacfb05a918f9f2b7117910e95849112e8a0de6a2e19a
third_step_a/artifacts/smoke/run_isolated_001/cases/gotcha/full/agent_initialize.json	1115	f39579bc67f6a76b3b310bcfd66b0e430401cef448060f02ad85822b9ed2728e
third_step_a/artifacts/smoke/run_isolated_001/cases/gotcha/full/agent_process_attestation.json	5191	0346a8774400d99e9a55fa73468cd1fd5d6995e60db4394a5ddd5ad52b6fef78
third_step_a/artifacts/smoke/run_isolated_001/cases/gotcha/full/api_log_redaction_attestation.json	735	c5eccb8989b366b00fd2fb6ef4f55f4e3a8ad507494b1c793226b38ffee52f59
third_step_a/artifacts/smoke/run_isolated_001/cases/gotcha/full/branch_result.json	2528	b00c14523b5528b54dcc4c6ccbe3f8e99d2bb564ad6975023637dc43775cb261
third_step_a/artifacts/smoke/run_isolated_001/cases/gotcha/full/capability_process_attestation.json	1564	d56ba0e6422b1c3017fd52e40682d7d868e50b806302c57624e706feeb1d00e8
third_step_a/artifacts/smoke/run_isolated_001/cases/gotcha/full/db_freeze_attestation.json	840	ceb6a5ae4bf49c5e50ecc24cee2c03e8e0f7da5cd59ac8544fd97d9d8659f95a
third_step_a/artifacts/smoke/run_isolated_001/cases/gotcha/full/evaluator_first.json	1208	7259a64a488b0fb6f360e89016cb2ec587d1fc48c1d53085ac1ca07e814d95be
third_step_a/artifacts/smoke/run_isolated_001/cases/gotcha/full/evaluator_first_worker.json	7337	3e5206c792cc8bfc23da2f138190dd78dce0bb02810416d615cc6ecc6b02a913
third_step_a/artifacts/smoke/run_isolated_001/cases/gotcha/full/evaluator_process_attestation.json	16479	9377eca039ba204399caac0e790ee454ff6157fae34f969651c68d5cfdf043ef
third_step_a/artifacts/smoke/run_isolated_001/cases/gotcha/full/evaluator_second.json	1208	7259a64a488b0fb6f360e89016cb2ec587d1fc48c1d53085ac1ca07e814d95be
third_step_a/artifacts/smoke/run_isolated_001/cases/gotcha/full/evaluator_second_worker.json	7337	d9c4e2e642d81f076a5fe6a2b5fbbc1a3f0d7dff2e9bb893a2355f40f051af28
third_step_a/artifacts/smoke/run_isolated_001/cases/gotcha/full/post_agent_controller_canaries.json	285	369817c639891b0c9359c6c6be4d91a484aabe7c4ab32051a151662132de4ddb
third_step_a/artifacts/smoke/run_isolated_001/cases/gotcha/memory_provenance.json	439	77d52c5489fad8b8c3dbf54b42b791c4813c4e8447500481ae6c1e262e02d983
third_step_a/artifacts/smoke/run_isolated_001/cases/gotcha/raw_controller_firewall_scan.json	14230	cd10bae8a68e96a16264c9f2d02b04aef098b51d73ba18091370c4e2f76cac1c
third_step_a/artifacts/smoke/run_isolated_001/cases/gotcha/restore/agent_initialize.json	1115	f39579bc67f6a76b3b310bcfd66b0e430401cef448060f02ad85822b9ed2728e
third_step_a/artifacts/smoke/run_isolated_001/cases/gotcha/restore/agent_process_attestation.json	5191	1947d54ac6b4adefb3d9546dc53918b20ebe19c452af2183959f4e56e7df6aba
third_step_a/artifacts/smoke/run_isolated_001/cases/gotcha/restore/api_log_redaction_attestation.json	735	c5eccb8989b366b00fd2fb6ef4f55f4e3a8ad507494b1c793226b38ffee52f59
third_step_a/artifacts/smoke/run_isolated_001/cases/gotcha/restore/branch_result.json	2911	c112c8376714b94a632d77066bff8ac7cb59c5ad766a9ec204fecd6abaf88c29
third_step_a/artifacts/smoke/run_isolated_001/cases/gotcha/restore/capability_process_attestation.json	1564	4f660e88b5968e6c1f5b2f79386d0cfa34607cf83a3efdaae92af8e68479a15a
third_step_a/artifacts/smoke/run_isolated_001/cases/gotcha/restore/db_freeze_attestation.json	840	dbc3c425f81fe168ea97be3449d6b006f3c3d463a9e31c19081633046646594d
third_step_a/artifacts/smoke/run_isolated_001/cases/gotcha/restore/effective_eviction_manifest.json	26182	d4f7597b16aee74e806c76489c11d439268ae6d44d3b127fb5eee9d9b95fd4a3
third_step_a/artifacts/smoke/run_isolated_001/cases/gotcha/restore/evaluator_first.json	1208	7259a64a488b0fb6f360e89016cb2ec587d1fc48c1d53085ac1ca07e814d95be
third_step_a/artifacts/smoke/run_isolated_001/cases/gotcha/restore/evaluator_first_worker.json	7340	4800f81b4896ff652b88e0e60e98dac28a14746234a3e622e82eaebc22e78492
third_step_a/artifacts/smoke/run_isolated_001/cases/gotcha/restore/evaluator_process_attestation.json	16491	b7d02e6889b2c16d76ecfc3d632ed194a82de1fc917140daf2adf0dcc957e801
third_step_a/artifacts/smoke/run_isolated_001/cases/gotcha/restore/evaluator_second.json	1208	7259a64a488b0fb6f360e89016cb2ec587d1fc48c1d53085ac1ca07e814d95be
third_step_a/artifacts/smoke/run_isolated_001/cases/gotcha/restore/evaluator_second_worker.json	7340	4ccbc2b9eedce7754f992ad43032c9d1a1d4d619797c479d428458d5f8564f82
third_step_a/artifacts/smoke/run_isolated_001/cases/gotcha/restore/post_agent_controller_canaries.json	285	f163e6301f9011c901a175ba1d070f9d47c32ebcc6305ee8cff015098fd1398c
third_step_a/artifacts/smoke/run_isolated_001/cases/gotcha/source_episode.json	2622	da8488b32ce156dd02276fdebdf47b25a2b59cf62acde93f2b581f7fa07ffb90
third_step_a/artifacts/smoke/run_isolated_001/cases/gotcha/target_relationship.json	1497	d41d14d8787e0b73e975c17ca21ddd8cc6618bdd67440e680e8ecf64a5ecccde
third_step_a/artifacts/smoke/run_isolated_001/cases/gotcha/witness.json	848	720cda4ac6156f4ae99fde94e1aff7fe251e3d6247420cf1eb47f6fad5d030d7
third_step_a/artifacts/smoke/run_isolated_001/cases/workflow/case_agent_exit_barrier.json	254	6ab6274a049957c8f24c741be75cdc79f84aace988b899fc514d8e013c54275d
third_step_a/artifacts/smoke/run_isolated_001/cases/workflow/case_summary.json	763	4dc415c13b0705e321d6394fb487b346cbd90f4829f42804e17d1f5e8196106b
third_step_a/artifacts/smoke/run_isolated_001/cases/workflow/checkpoint_manifest.json	10027	7b915bd536d5b72faffe891db7f45dc116456c299d2d84e9f89e4c0ca72efa6e
third_step_a/artifacts/smoke/run_isolated_001/cases/workflow/evicted/agent_initialize.json	352	561cc881828fefd3d40c9983c179619f3a10da354fdb6978e54cd203bdbc0df0
third_step_a/artifacts/smoke/run_isolated_001/cases/workflow/evicted/agent_process_attestation.json	5186	fd0fad184377be896e0101635b2f77911e3d72ca6a7400f2445f027fd44a56ef
third_step_a/artifacts/smoke/run_isolated_001/cases/workflow/evicted/api_log_redaction_attestation.json	723	b637fbf9ab3fb5d6fb527070c9e00e70cb586dd95953bc747f5d22cec8117806
third_step_a/artifacts/smoke/run_isolated_001/cases/workflow/evicted/branch_result.json	2760	0aea7c048ba3ee29f3d33f04081573c1309e29364ffeae59839fda32ef84b51e
third_step_a/artifacts/smoke/run_isolated_001/cases/workflow/evicted/capability_process_attestation.json	1564	f6be6047dbeb6e49ad09a6bbc9a7327e7d5d42c26288cf827bd63326885ec155
third_step_a/artifacts/smoke/run_isolated_001/cases/workflow/evicted/db_freeze_attestation.json	838	f5c7948c8b61d3de3210b81945e20f46ff017259d6bc383f31b00a2090474ca5
third_step_a/artifacts/smoke/run_isolated_001/cases/workflow/evicted/effective_eviction_manifest.json	25402	daad7a46628c9867b19e1fc7e5a187cde31445ecb2a8259d5a23d1e97208a6c9
third_step_a/artifacts/smoke/run_isolated_001/cases/workflow/evicted/evaluator_first.json	79986	6fe672c97d4dd9a05fbf213efe02f31fe6dafdbf12a35666c282454878fdf0d6
third_step_a/artifacts/smoke/run_isolated_001/cases/workflow/evicted/evaluator_first_worker.json	86146	8a2ca3f0506310e0427971d03001eb3e9341ba779286bc8ae7cb20c20b8027d6
third_step_a/artifacts/smoke/run_isolated_001/cases/workflow/evicted/evaluator_process_attestation.json	16475	e899d6c49c7600f3258ec78dfa7e50912273301153fb81536fd5455a962c4acb
third_step_a/artifacts/smoke/run_isolated_001/cases/workflow/evicted/evaluator_second.json	79986	baed3f2d3e829f004fd04c80689b3b0a1e54f9ab92689a19de796f5edc00f7a3
third_step_a/artifacts/smoke/run_isolated_001/cases/workflow/evicted/evaluator_second_worker.json	86146	344415ee2db1303864084e80ff2833bb22a2c7153c3435ce24c109e87ba5ecec
third_step_a/artifacts/smoke/run_isolated_001/cases/workflow/evicted/post_agent_controller_canaries.json	285	041124858588936c007971426f67db016b635cee11ec4f60a11ad38a22319812
third_step_a/artifacts/smoke/run_isolated_001/cases/workflow/firewall_leakage_manifest.json	39024	f8299cd4343c4947bb35d5bb333a2e3d6a48be03eae75fe72f4e6dacfcf1285e
third_step_a/artifacts/smoke/run_isolated_001/cases/workflow/full/agent_initialize.json	1046	1aaa0fff930d531965d7238fc57689b1ba6272a03b63f4803054f3e04566b75e
third_step_a/artifacts/smoke/run_isolated_001/cases/workflow/full/agent_process_attestation.json	5191	517fbcc30e6d116aedde79fb74d3d6d3e85a61199fe6262a8a0593bab4683ec5
third_step_a/artifacts/smoke/run_isolated_001/cases/workflow/full/api_log_redaction_attestation.json	733	ce1536ec949dbbb86d85040b56e4c28a19bd977a51e5a0942160001556d71c46
third_step_a/artifacts/smoke/run_isolated_001/cases/workflow/full/branch_result.json	2535	10326e29f2e472662b26336d4dbcb76aee5c540c81fa6f2c444a3ae30e211754
third_step_a/artifacts/smoke/run_isolated_001/cases/workflow/full/capability_process_attestation.json	1564	48d662cd4e8cc4b10b19cb5a03ff651c1ca299862de2666730cc87ac374a2a99
third_step_a/artifacts/smoke/run_isolated_001/cases/workflow/full/db_freeze_attestation.json	840	60c1af45813d99a06ef9f044d664ac49dac47d78c9fab5a3fd57238fe93b281d
third_step_a/artifacts/smoke/run_isolated_001/cases/workflow/full/evaluator_first.json	1377	969a1431825b1a8581f020917635379728a116fd1cae4a427021fa1b4f6bb735
third_step_a/artifacts/smoke/run_isolated_001/cases/workflow/full/evaluator_first_worker.json	7532	e0ee99c2ecdb99011b503902397a4baa7530e8bfe6ad1e2b2e8d53d20b19d3b4
third_step_a/artifacts/smoke/run_isolated_001/cases/workflow/full/evaluator_process_attestation.json	16487	3c67de3bfe78677a1efdcf03077830fafcdb60ad61749e6203a7ac3e6225e041
third_step_a/artifacts/smoke/run_isolated_001/cases/workflow/full/evaluator_second.json	1377	969a1431825b1a8581f020917635379728a116fd1cae4a427021fa1b4f6bb735
third_step_a/artifacts/smoke/run_isolated_001/cases/workflow/full/evaluator_second_worker.json	7532	dc644513f6bef47d7af7aabf4a7820eaae48145eb007c3ca93d15685322e8ea2
third_step_a/artifacts/smoke/run_isolated_001/cases/workflow/full/post_agent_controller_canaries.json	285	d3870ee8fe6a578793810797e4331d53ef12ec6a0b8fe5cbcb329bb4d3674c04
third_step_a/artifacts/smoke/run_isolated_001/cases/workflow/memory_provenance.json	439	d178f2705e25b2d11de967652281ed8b735d78aa76b9d480373ef1b08e79ffc0
third_step_a/artifacts/smoke/run_isolated_001/cases/workflow/raw_controller_firewall_scan.json	14230	5b79eddd0306a51ffae90ee2d1a0ea36b8308dc4f0cfa49136b4111b2390eafe
third_step_a/artifacts/smoke/run_isolated_001/cases/workflow/restore/agent_initialize.json	1046	1aaa0fff930d531965d7238fc57689b1ba6272a03b63f4803054f3e04566b75e
third_step_a/artifacts/smoke/run_isolated_001/cases/workflow/restore/agent_process_attestation.json	5191	0829efa1a26ca4a8b80c43bc0eb06cabcb356b9b56e3915a29a33f93b312ca73
third_step_a/artifacts/smoke/run_isolated_001/cases/workflow/restore/api_log_redaction_attestation.json	733	ce1536ec949dbbb86d85040b56e4c28a19bd977a51e5a0942160001556d71c46
third_step_a/artifacts/smoke/run_isolated_001/cases/workflow/restore/branch_result.json	2922	adf0fa1603e3e63e3e081bdcadad449e5f53a0b0a84b230327bfd51ddb7ae1ec
third_step_a/artifacts/smoke/run_isolated_001/cases/workflow/restore/capability_process_attestation.json	1564	49881c94bb19d64ce4dec7b057784be4716e8eb80ae5816aa67b6ac10f2cedb7
third_step_a/artifacts/smoke/run_isolated_001/cases/workflow/restore/db_freeze_attestation.json	840	d657577c903767c7280d268c6f128a1b15fdf1f86ee1addbf1a0b404b9ebdd9a
third_step_a/artifacts/smoke/run_isolated_001/cases/workflow/restore/effective_eviction_manifest.json	25402	daad7a46628c9867b19e1fc7e5a187cde31445ecb2a8259d5a23d1e97208a6c9
third_step_a/artifacts/smoke/run_isolated_001/cases/workflow/restore/evaluator_first.json	1377	969a1431825b1a8581f020917635379728a116fd1cae4a427021fa1b4f6bb735
third_step_a/artifacts/smoke/run_isolated_001/cases/workflow/restore/evaluator_first_worker.json	7535	3db6a2e2dccda14aae6bae5fbb6d69a7bd799e6f10262978af61a2b03904414e
third_step_a/artifacts/smoke/run_isolated_001/cases/workflow/restore/evaluator_process_attestation.json	16499	acde8276da28642c948392d301e8a1a25e93f127acdc7267e4ab4ea890a72d50
third_step_a/artifacts/smoke/run_isolated_001/cases/workflow/restore/evaluator_second.json	1377	969a1431825b1a8581f020917635379728a116fd1cae4a427021fa1b4f6bb735
third_step_a/artifacts/smoke/run_isolated_001/cases/workflow/restore/evaluator_second_worker.json	7535	5f2f024696353f9fc9ec3ace82b7087b29f7896e8ebdd6981b0f5b2b7fc1bea5
third_step_a/artifacts/smoke/run_isolated_001/cases/workflow/restore/post_agent_controller_canaries.json	285	3f0176cd0b6e22a726da51d9d67edcf00da7a283ebd2d9e122ae804c9a25513d
third_step_a/artifacts/smoke/run_isolated_001/cases/workflow/source_episode.json	2484	396b860b90aae782fd0617560f1f932f3fdbdfcb9c046d9b68cf795b563432de
third_step_a/artifacts/smoke/run_isolated_001/cases/workflow/target_relationship.json	1487	572b1ab96e228989a36672684dedd98302c2afd3b6d72f5ef2ba90fc7dbac192
third_step_a/artifacts/smoke/run_isolated_001/cases/workflow/witness.json	918	ac7f42262b6122b8194dd6b7eaad8fc9a6c4fc2c8f346c9d9982a521ebaaf624
third_step_a/artifacts/smoke/run_isolated_001/environment.json	3471	5d6521fefc420f88c0e581c1edcbfc90d42e78e78dac3f32b9aa102cb48f31b7
third_step_a/artifacts/smoke/run_isolated_001/pre_aggregate_artifact_manifest.json	89778	38e5c841d3bb4cf70634b36ccc778e8418ab038aa1c967cd5451dc27accb7222
third_step_a/artifacts/smoke/run_reproduction_001/aggregate_gate.json	4055	5434d3e7f47263a9096ed11895c3dd2ba690b9ed128b6e194e95e0ccd76c35f7
third_step_a/artifacts/smoke/run_reproduction_001/artifact_manifest.json	74929	3499cd4ac64f6ca663945a6ece6167240b643354eb9a94680c0c32fbd075fa52
third_step_a/artifacts/smoke/run_reproduction_001/cases/constraint_permission/case_summary.json	1012	00f8d4ece0615b908294cd413a282e654d2eb155d4e9e27ba1e474d049a75434
third_step_a/artifacts/smoke/run_reproduction_001/cases/constraint_permission/checkpoint_manifest.json	2658	15f12117955c83069fe80ee223b74f1177c78ad4d7b4f263796f67505422085c
third_step_a/artifacts/smoke/run_reproduction_001/cases/constraint_permission/evicted/branch_result.json	15754	cbd211f3f1dd449766da1b54b49fa373525438f319730bd7b2ed7198c671bdd3
third_step_a/artifacts/smoke/run_reproduction_001/cases/constraint_permission/evicted/effective_eviction_manifest.json	14190	5be039611aa14801b46e44be8d72c7bf18ab64461653caff2024d141ad0f2e81
third_step_a/artifacts/smoke/run_reproduction_001/cases/constraint_permission/evicted/effective_eviction_pre_agent_manifest.json	12731	947197573e6baed23582b5cbf6d3107cc0d2774fc91adf96fe28d36748c1e79c
third_step_a/artifacts/smoke/run_reproduction_001/cases/constraint_permission/full/branch_result.json	10542	6ba723ad870aa2be624ce5634785adc394c694bb72e39cf61237c66237a56b11
third_step_a/artifacts/smoke/run_reproduction_001/cases/constraint_permission/full/effective_eviction_manifest.json	4	74234e98afe7498fb5daf1f36ac2d78acc339464f950703b8c019892f982b90b
third_step_a/artifacts/smoke/run_reproduction_001/cases/constraint_permission/full/effective_eviction_pre_agent_manifest.json	4	74234e98afe7498fb5daf1f36ac2d78acc339464f950703b8c019892f982b90b
third_step_a/artifacts/smoke/run_reproduction_001/cases/constraint_permission/memory_provenance.json	439	160966cb2037322f24b251c96f500e5e1580d1d9b293d79f825ca3cb7044e692
third_step_a/artifacts/smoke/run_reproduction_001/cases/constraint_permission/restore/branch_result.json	10695	32f3a790f5581f067bf45e7e75449f40b98665123812937c292d812ea5f13c1f
third_step_a/artifacts/smoke/run_reproduction_001/cases/constraint_permission/restore/effective_eviction_manifest.json	12731	947197573e6baed23582b5cbf6d3107cc0d2774fc91adf96fe28d36748c1e79c
third_step_a/artifacts/smoke/run_reproduction_001/cases/constraint_permission/restore/effective_eviction_pre_agent_manifest.json	4	74234e98afe7498fb5daf1f36ac2d78acc339464f950703b8c019892f982b90b
third_step_a/artifacts/smoke/run_reproduction_001/cases/constraint_permission/source_episode.json	2755	822bd5d67aee1ed267a46fb063384441759e2a93a463ddfaa16452baf3fee881
third_step_a/artifacts/smoke/run_reproduction_001/cases/constraint_permission/target_relationship.json	1573	f1a086adb63e1bfe253531c0864b06a4db835eb82072f4cac7129cd7c2beb17f
third_step_a/artifacts/smoke/run_reproduction_001/cases/constraint_permission/witness.json	907	b7020c34b42eea13e57cbfb1e899ad9a9bd540955fb7d779dc5aba2bad7c0c84
third_step_a/artifacts/smoke/run_reproduction_001/cases/gotcha/case_summary.json	997	d8b2f534f45dd1ea02f7e786773b2180201d658a5ba393692c14b1bbff9cbff0
third_step_a/artifacts/smoke/run_reproduction_001/cases/gotcha/checkpoint_manifest.json	2645	5813c45b4082fcd4c7a7307893322a0a7ab3fbd8304bffcdf15bb5ca7b416b53
third_step_a/artifacts/smoke/run_reproduction_001/cases/gotcha/evicted/branch_result.json	11802	f961d699560c45b71f2c2ee8abb6ca8e5d33554f5ca0e8abd24c0c185235882e
third_step_a/artifacts/smoke/run_reproduction_001/cases/gotcha/evicted/effective_eviction_manifest.json	13566	10229573c471d69b6862080f7a6434d455a6cce6fd1ac669b1c0bfef50d17d2c
third_step_a/artifacts/smoke/run_reproduction_001/cases/gotcha/evicted/effective_eviction_pre_agent_manifest.json	12107	cb25817a4dd4db47930976bb6144747b54d85a89ef1f64b1c8cd4dc99465377c
third_step_a/artifacts/smoke/run_reproduction_001/cases/gotcha/full/branch_result.json	9431	b10ad88ae68da25ab2f0a202d07d613d609dd173e794f1429de7f5402ae6a218
third_step_a/artifacts/smoke/run_reproduction_001/cases/gotcha/full/effective_eviction_manifest.json	4	74234e98afe7498fb5daf1f36ac2d78acc339464f950703b8c019892f982b90b
third_step_a/artifacts/smoke/run_reproduction_001/cases/gotcha/full/effective_eviction_pre_agent_manifest.json	4	74234e98afe7498fb5daf1f36ac2d78acc339464f950703b8c019892f982b90b
third_step_a/artifacts/smoke/run_reproduction_001/cases/gotcha/memory_provenance.json	439	77d52c5489fad8b8c3dbf54b42b791c4813c4e8447500481ae6c1e262e02d983
third_step_a/artifacts/smoke/run_reproduction_001/cases/gotcha/restore/branch_result.json	9580	d28e80922a08acd0390c513e5c8563abb19573449a40ec0e444bf27ec3c49597
third_step_a/artifacts/smoke/run_reproduction_001/cases/gotcha/restore/effective_eviction_manifest.json	12107	cb25817a4dd4db47930976bb6144747b54d85a89ef1f64b1c8cd4dc99465377c
third_step_a/artifacts/smoke/run_reproduction_001/cases/gotcha/restore/effective_eviction_pre_agent_manifest.json	4	74234e98afe7498fb5daf1f36ac2d78acc339464f950703b8c019892f982b90b
third_step_a/artifacts/smoke/run_reproduction_001/cases/gotcha/source_episode.json	2622	da8488b32ce156dd02276fdebdf47b25a2b59cf62acde93f2b581f7fa07ffb90
third_step_a/artifacts/smoke/run_reproduction_001/cases/gotcha/target_relationship.json	1497	d41d14d8787e0b73e975c17ca21ddd8cc6618bdd67440e680e8ecf64a5ecccde
third_step_a/artifacts/smoke/run_reproduction_001/cases/gotcha/witness.json	848	720cda4ac6156f4ae99fde94e1aff7fe251e3d6247420cf1eb47f6fad5d030d7
third_step_a/artifacts/smoke/run_reproduction_001/cases/workflow/case_summary.json	999	f2aafc16f13cdfd1f65d1ee1ca9de90c9e9936fbe3791f38f4fc8360bc8677ca
third_step_a/artifacts/smoke/run_reproduction_001/cases/workflow/checkpoint_manifest.json	2641	1924363f2390de9a7e023276e68bc4a967e28e0c7507ab6330e2b35033d4b5ee
third_step_a/artifacts/smoke/run_reproduction_001/cases/workflow/evicted/branch_result.json	166976	5db9954627021e367c8578b130de1d3bb4b7319a52f87da58fb227a802401ebe
third_step_a/artifacts/smoke/run_reproduction_001/cases/workflow/evicted/effective_eviction_manifest.json	12954	fde87126228a9de88ac860f94b172b9d84e1e8f2ec7bb89267c240b16aef6b60
third_step_a/artifacts/smoke/run_reproduction_001/cases/workflow/evicted/effective_eviction_pre_agent_manifest.json	11495	f1a95227fb3dcae3d52163dc3a1193f62176ad5ede4736624e307a6062a8eb41
third_step_a/artifacts/smoke/run_reproduction_001/cases/workflow/full/branch_result.json	9808	b36c2fe3d01888a6aab6507362b2cb72d277221a6527d974e2508eb2cc809cc8
third_step_a/artifacts/smoke/run_reproduction_001/cases/workflow/full/effective_eviction_manifest.json	4	74234e98afe7498fb5daf1f36ac2d78acc339464f950703b8c019892f982b90b
third_step_a/artifacts/smoke/run_reproduction_001/cases/workflow/full/effective_eviction_pre_agent_manifest.json	4	74234e98afe7498fb5daf1f36ac2d78acc339464f950703b8c019892f982b90b
third_step_a/artifacts/smoke/run_reproduction_001/cases/workflow/memory_provenance.json	439	d178f2705e25b2d11de967652281ed8b735d78aa76b9d480373ef1b08e79ffc0
third_step_a/artifacts/smoke/run_reproduction_001/cases/workflow/restore/branch_result.json	9959	e535f6a20dc67361406704d775036b8726af9b2a9179c0dd50544b107740e33f
third_step_a/artifacts/smoke/run_reproduction_001/cases/workflow/restore/effective_eviction_manifest.json	11495	f1a95227fb3dcae3d52163dc3a1193f62176ad5ede4736624e307a6062a8eb41
third_step_a/artifacts/smoke/run_reproduction_001/cases/workflow/restore/effective_eviction_pre_agent_manifest.json	4	74234e98afe7498fb5daf1f36ac2d78acc339464f950703b8c019892f982b90b
third_step_a/artifacts/smoke/run_reproduction_001/cases/workflow/source_episode.json	2484	396b860b90aae782fd0617560f1f932f3fdbdfcb9c046d9b68cf795b563432de
third_step_a/artifacts/smoke/run_reproduction_001/cases/workflow/target_relationship.json	1487	572b1ab96e228989a36672684dedd98302c2afd3b6d72f5ef2ba90fc7dbac192
third_step_a/artifacts/smoke/run_reproduction_001/cases/workflow/witness.json	918	ac7f42262b6122b8194dd6b7eaad8fc9a6c4fc2c8f346c9d9982a521ebaaf624
third_step_a/artifacts/smoke/run_reproduction_001/environment.json	3007	d410eba0cccc15666878139624976048c93c24f02f83eb16e2dabd2e315d7cb8
third_step_a/artifacts/structural_probe.json	6651	279e12175656be1ab1bd2d34398fdc585e7f3010198e4e2b1cee294bb35d960a
third_step_a/artifacts/witnesses.json	3208	a38258dbf7ba5364734f05ddd5eff561c59b44d9fede84c6aa9bbe536763ccf0
third_step_a/config/cases_isolated_v1.json	4066	118c73e4c8cb4fec70006f9d5d985faa808aac94fc790f3033c1f1ef2ee5fba2
third_step_a/config/cases_v1.json	10764	b10647c9178e8a723a31d1601934fb5f2e176b4eb26142e9b57a505f37f5b175
third_step_a/config/cases_v2.json	10777	15f71ab5abe5fcf6cdaeb8282677ff3782580c2a36cd3a5b48ee6fa948ff736c
third_step_a/config/cases_v3.json	11430	66188b6ecfc6c6d44fb0bffa31fa0c1bd6508624038011c493308433f7d82938
third_step_a/config/structural_probe.json	321	bae1501303ffd4a6c568d82118938e789bf01d34266a79a01cb9358331663967
third_step_a/config/witness_inputs_v1.json	2714	583c49d16027ef8dbfdf197af7190c49dfd0a50ed7a97637ea2e63e8b08ad62d
third_step_a/diagnostics/continue_case_gate_after_source_change.py	2351	7b4369a87eccc602b45dfe78d81d4878412dc86e2c890b8739fa2bd735c62134
third_step_a/env-spec-isolated-v1.json	2524	5415e5a7f2bd142a5020e09faa7032935cb859cc988cd4c779fd385a91a2f390
third_step_a/env-spec.json	682	d7e7a62efa928ea4028d47db03692eca6cb14c1e1e6493b2d593c97131055372
third_step_a/prompts/agent_prompt_isolated_v1.txt	1389	3a39965f574ad6f4d846881e9d653cdb026ff716135ad29f8a2ed9b26af7cbde
third_step_a/prompts/agent_prompt_v1.txt	862	6db6b1a6eabc3bbe0f07577e119556cbdc27e37a41bbe89165ad7289d1945f59
third_step_a/prompts/agent_prompt_v2.txt	936	c2da64d712e83c72f1cd8c022f63e0e1755b062b095f9624343a0d6a0b621462
third_step_a/prompts/witness_prompt_v1.txt	815	7f56aeead03e278461fc090d020ca12d7a4be6745c1188968517a65da1da2f4c
third_step_a/README.md	6527	24d93568ab083a6d081cd075a29247e56ad62ece84c4957cefb2ce9d4e0a66e1
third_step_a/src/aggregate_smoke.py	141553	06b2cad57bc78fa0ae675c591428e48b89cf17e609a38d21f1b166930f31fb58
third_step_a/src/audit_memory_store.py	41549	60644be8d718f133768822df68a20cc7a78d7fc8d755bee41c24cc86bdb67034
third_step_a/src/evidence_integrity.py	26756	5fa5f09a1d270c646cf81886ba3535fd3cd81ab79fa41fe8ec5aff8373283a61
third_step_a/src/generate_witnesses.py	4098	147e5e8dc81d66638439b2264acf2dd306390dfcff3b3b77607e192a6f1d5bf6
third_step_a/src/isolated_agent_worker.py	18312	822139d5eee495352270f7eb9fa84442450aa9d7cf07b09df1e735bfb588ca1f
third_step_a/src/isolated_capability_probe_worker.py	4043	b07803eb0d85aaf7bfb4240bd496edf775bf3f367b9c9d5437d2c5eda31875a5
third_step_a/src/isolated_evaluator_worker.py	5151	60f4e2d4db4ba5c64082c1089c802114e0f0260691bc8975a69f84675a83a18b
third_step_a/src/isolated_rpc.py	26648	7cb04f8c13f65e09dd9f7b015303aef4e9071cab16dc1661bb3bd6900c9b8636
third_step_a/src/make_isolated_attestation.py	6515	a04261b6c67226fcdf7820cd16018a478b5c5508fef2e3eb376a1853a37cbee9
third_step_a/src/make_isolated_freeze.py	3856	bf41795e270d7f0adef99fa4f8b33e326689cd372b343ee8456c0d0d57306ea7
third_step_a/src/make_reproduction_freeze.py	1388	475b087843eae818d164bbe4ad3e049f9722424719d086764d10095fa29e0d40
third_step_a/src/memory_store_probe.py	3274	40dc0a636aef320b46a1b690987d0e24e54d27c505877877342a13a651fb1a0f
third_step_a/src/protocol_executor.py	8715	c8296a1d13f9d80a6a2251edd84d7892ac9819e2aac90a2c0436ef173d08e8fa
third_step_a/src/run_isolated_smoke_case.py	90547	69c16bb03e9c9059095a7334227e0107c74b455305da55f55cb68bedb0efe3f3
third_step_a/src/run_smoke_case.py	30118	cbdea332b816d9725f78b5cf98264abfa05c003fdd3938d30028f5a6021f1e8f
third_step_a/src/seal_run_evidence.py	1177	9baa1a1e008f67ef77c400be899a31bc1d760c4c1991f3746f6f2d2128a9da35
third_step_a/src/structural_probe.py	11560	121e65352cf29082f9558995e0ef1234670d1ebb1d409e2cce1672b2a6ce4289
third_step_a/src/target_distractor_probe.py	26846	0a1df75b52ebca4034ea2984ea2d6b136833d5537e37532be0ae2cf96795d38e
third_step_a/tests/run_isolated_appworld_integration.py	5473	033ecbe49d7902748d171984d358543ff93ab521d71920c888a2f29d4b2be68f
third_step_a/tests/test_audit_memory_store.py	11167	409c864849b4b5d4371204bbde9beaf73a47537ef9597873f880fd83b6211964
third_step_a/tests/test_evidence_integrity.py	7757	37554ae64ba2909e8757fb904041cd844e71158cf2013c751298491fe9c47d59
third_step_a/tests/test_isolated_rpc.py	11152	48ee5b2d9d8573c2d11cd44a5696c2ef89a55a52afde904fa78d22a10fd1c00c
third_step_a/tests/test_run_isolated_smoke_case.py	24415	d60e16428cf8c3ff3ea0dc10230005458a11f23bbdca390a1e629c1c0aec5ae1
论文完整story_v1.1.md	13078	944f247a9f1855935314cec26300cd02a36dfc352ff52906566d90dd653d11c6
